Song,Artist,Valence,Key,Mode,Danceability,Date
Laugh Now Cry Later,Drake Featuring Lil Durk,0.522,0.0,1.0,0.7609999999999999,2020-08-14
Blinding Lights,The Weeknd,0.33399999999999996,1.0,1.0,0.514,2020-03-20
Whats Poppin,"Jack Harlow Featuring DaBaby, Tory Lanez & Lil Wayne",0.826,11.0,0.0,0.9229999999999999,2020-03-13
7 Summers,Morgan Wallen,0.5710000000000001,0.0,1.0,0.466,2021-01-08
Watermelon Sugar,Harry Styles,0.557,0.0,1.0,0.5479999999999999,2019-12-13
Roses,SAINt JHN,0.863,8.0,1.0,0.769,2020-11-20
Break My Heart,Dua Lipa,0.467,4.0,0.0,0.73,2020-03-27
Midnight Sky,Miley Cyrus,0.259,4.0,0.0,0.705,2020-08-14
Adore You,Harry Styles,0.569,8.0,1.0,0.6759999999999999,2019-12-13
Circles,Post Malone,0.5529999999999999,0.0,1.0,0.695,2019-09-06
Mood Swings,Pop Smoke Featuring Lil Tjay,0.26899999999999996,10.0,0.0,0.48,2020-07-03
Popstar,DJ Khaled Featuring Drake,0.45,5.0,0.0,0.8,2020-07-17
Rags2Riches,Rod Wave Featuring ATR Son Son,0.298,5.0,0.0,0.8740000000000001,2020-08-07
Death Bed,Powfu Featuring beabadoobee,0.348,8.0,0.0,0.726,2020-02-08
Blueberry Faygo,Lil Mosey,0.349,0.0,1.0,0.774,2020-02-07
Die From A Broken Heart,Maddie & Tae,0.44299999999999995,9.0,1.0,0.596,2020-04-10
Mood,24kGoldn Featuring iann dior,0.7559999999999999,7.0,0.0,0.7,2020-07-24
Don't Start Now,Dua Lipa,0.677,11.0,0.0,0.794,2019-10-31
The Woo,Pop Smoke Featuring 50 Cent & Roddy Ricch,0.28600000000000003,1.0,1.0,0.49,2020-07-03
The Bones,Maren Morris,0.33399999999999996,11.0,0.0,0.612,2019-03-08
One Margarita,Luke Bryan,0.738,9.0,1.0,0.6409999999999999,2020-03-13
Life Is Good,Future Featuring Drake,0.508,2.0,0.0,0.6759999999999999,2020-01-10
Wishing Well,Juice WRLD,0.0804,9.0,0.0,0.65,2020-07-10
Cardigan,Taylor Swift,0.551,0.0,0.0,0.613,2020-07-24
Smile,Juice WRLD & The Weeknd,0.306,6.0,0.0,0.6940000000000001,2020-07-10
Chasin' You,Morgan Wallen,0.489,7.0,1.0,0.631,2018-04-27
We Paid,Lil Baby & 42 Dugg,0.564,1.0,1.0,0.9259999999999999,2020-05-01
Cool Again,Kane Brown,0.773,4.0,1.0,0.608,2020-04-23
Tap In,Saweetie,0.4320000000000001,10.0,0.0,0.9540000000000001,2020-06-17
Girls In The Hood,Megan Thee Stallion,0.8740000000000001,6.0,1.0,0.821,2020-06-26
Rain On Me,Lady Gaga & Ariana Grande,0.6459999999999999,9.0,1.0,0.672,2020-05-29
Emotionally Scarred,Lil Baby,0.266,6.0,0.0,0.585,2020-02-28
Got What I Got,Jason Aldean,0.303,3.0,0.0,0.512,2019-11-22
The Box,Roddy Ricch,0.642,10.0,0.0,0.8959999999999999,2019-12-06
If The World Was Ending,JP Saxe Featuring Julia Michaels,0.604,1.0,1.0,0.46399999999999997,2019-10-17
Nobody's Love,Maroon 5,0.154,1.0,1.0,0.486,2020-07-24
Why We Drink,Justin Moore,0.7240000000000001,6.0,1.0,0.624,2019-07-26
The Bigger Picture,Lil Baby,0.153,1.0,1.0,0.59,2020-06-12
One Of Them Girls,Lee Brice,0.8,4.0,1.0,0.643,2020-04-10
Lovin' On You,Luke Combs,0.53,4.0,1.0,0.5720000000000001,2019-11-08
My Future,Billie Eilish,0.0875,8.0,1.0,0.444,2020-07-30
I Love My Country,Florida Georgia Line,0.636,4.0,1.0,0.525,2021-02-19
Like That,Doja Cat Featuring Gucci Mane,0.405,4.0,0.0,0.879,2019-11-07
Be A Light,"Thomas Rhett Featuring Reba McEntire, Hillary Scott, Chris Tomlin & Keith Urban",0.264,0.0,1.0,0.509,2020-03-30
Kacey Talk,YoungBoy Never Broke Again,0.773,10.0,0.0,0.877,2020-09-11
Said Sum,Moneybagg Yo,0.27399999999999997,8.0,0.0,0.929,2020-09-18
Bluebird,Miranda Lambert,0.613,7.0,1.0,0.6609999999999999,2019-11-01
I Should Probably Go To Bed,Dan + Shay,0.309,1.0,1.0,0.721,2020-07-31
Lemonade,Internet Money & Gunna Featuring Don Toliver & NAV,0.47100000000000003,1.0,0.0,0.799,2020-08-14
Un Dia (One Day),"J Balvin, Dua Lipa, Bad Bunny & Tainy",0.39299999999999996,6.0,0.0,0.5710000000000001,2020-07-24
Bang!,AJR,0.698,1.0,0.0,0.74,2020-02-12
God Whispered Your Name,Keith Urban,0.5,2.0,1.0,0.594,2020-02-27
24,Money Man Featuring Lil Baby,0.45899999999999996,2.0,1.0,0.868,2020-08-14
Toosie Slide,Drake,0.8370000000000001,1.0,0.0,0.8340000000000001,2020-04-03
Breaking Me,Topic & A7S,0.664,8.0,0.0,0.789,2019-12-19
One Beer,HARDY Featuring Lauren Alaina & Devin Dawson,0.825,2.0,1.0,0.516,2019-09-13
Girl Of My Dreams,Rod Wave,0.35,4.0,0.0,0.586,2020-04-03
Kings & Queens,Ava Max,0.457,1.0,0.0,0.637,2020-09-18
Pretty Heart,Parker McCollum,0.385,7.0,1.0,0.562,2019-08-30
Dollaz On My Head,Gunna Featuring Young Thug,0.161,0.0,1.0,0.825,2020-05-22
One Night Standards,Ashley McBryde,0.611,5.0,1.0,0.537,2020-04-03
Martin & Gina,Polo G,0.11599999999999999,1.0,0.0,0.8320000000000001,2020-05-15
Happy Anywhere,Blake Shelton Featuring Gwen Stefani,0.669,8.0,1.0,0.5379999999999999,2020-07-24
Got It On Me,Pop Smoke,0.195,2.0,1.0,0.688,2020-07-03
Some Girls,Jameson Rodgers,0.35200000000000004,8.0,1.0,0.431,2018-01-19
After Party,Don Toliver,0.45299999999999996,5.0,1.0,0.629,2020-03-13
3 Headed Goat,Lil Durk Featuring Lil Baby & Polo G,0.444,8.0,0.0,0.8370000000000001,2020-05-08
Stuck With U,Ariana Grande & Justin Bieber,0.537,8.0,1.0,0.597,2020-05-08
Conversations,Juice WRLD,0.57,11.0,1.0,0.747,2020-07-10
Caramelo,Ozuna,0.698,6.0,1.0,0.728,2020-06-11
Hate The Other Side,Juice WRLD & Marshmello Featuring Polo G & The Kid LAROI,0.647,6.0,1.0,0.701,2020-07-10
Righteous,Juice WRLD,0.225,0.0,1.0,0.706,2020-07-10
Something Special,Pop Smoke,0.654,7.0,0.0,0.7390000000000001,2020-07-03
21,Polo G,0.5329999999999999,7.0,1.0,0.7829999999999999,2020-05-15
Lonely If You Are,Chase Rice,0.8190000000000001,7.0,1.0,0.6809999999999999,2020-01-24
All I Want For Christmas Is You,Mariah Carey,0.35,7.0,1.0,0.336,1994-11-01
Rockin' Around The Christmas Tree,Brenda Lee,0.898,8.0,1.0,0.589,1964-10-19
Jingle Bell Rock,Bobby Helms,0.8059999999999999,2.0,1.0,0.754,1957-12-02
A Holly Jolly Christmas,Burl Ives,0.888,0.0,1.0,0.6829999999999999,1965-01-01
Roxanne,Arizona Zervas,0.457,6.0,0.0,0.621,2019-10-10
It's The Most Wonderful Time Of The Year,Andy Williams,0.7759999999999999,7.0,1.0,0.24,1963-11-24
Someone You Loved,Lewis Capaldi,0.446,1.0,1.0,0.501,2019-05-17
Memories,Maroon 5,0.575,11.0,1.0,0.764,2019-09-20
Good As Hell,Lizzo,0.535,0.0,0.0,0.682,2019-04-17
Feliz Navidad,Jose Feliciano,0.963,2.0,1.0,0.513,2002-09-24
Dance Monkey,Tones And I,0.513,6.0,0.0,0.8240000000000001,2019-10-17
"Let It Snow, Let It Snow, Let It Snow",Dean Martin,0.701,1.0,1.0,0.451,1959-01-01
The Christmas Song (Merry Christmas To You),Nat King Cole,0.209,1.0,1.0,0.319,1962
"10,000 Hours",Dan + Shay & Justin Bieber,0.43,10.0,1.0,0.654,2019-10-04
Lose You To Love Me,Selena Gomez,0.0978,4.0,1.0,0.488,2020-01-10
Ballin',Mustard & Roddy Ricch,0.244,7.0,1.0,0.809,2019-06-28
BOP,DaBaby,0.836,11.0,1.0,0.769,2019-09-27
Rudolph The Red-Nosed Reindeer,Gene Autry,0.642,8.0,1.0,0.629,1947
Happy Holiday / The Holiday Season,Andy Williams,0.7440000000000001,9.0,0.0,0.505,1963-11-24
No Guidance,Chris Brown Featuring Drake,0.136,1.0,0.0,0.696,2019-06-28
Bandit,Juice WRLD & YoungBoy Never Broke Again,0.425,5.0,0.0,0.474,2019-10-04
Christmas (Baby Please Come Home),Darlene Love,0.36,8.0,1.0,0.325,1963
Panini,Lil Nas X,0.475,5.0,0.0,0.703,2019-09-13
Underneath The Tree,Kelly Clarkson,0.6890000000000001,8.0,1.0,0.509,2013-10-29
Here Comes Santa Claus (Right Down Santa Claus Lane),Gene Autry,0.976,1.0,1.0,0.8340000000000001,1947
Old Town Road,Lil Nas X Featuring Billy Ray Cyrus,0.639,6.0,1.0,0.878,2019-06-21
Truth Hurts,Lizzo,0.41200000000000003,4.0,0.0,0.715,2019-04-19
Run Rudolph Run,Chuck Berry,0.9570000000000001,7.0,0.0,0.6809999999999999,1986-01-01
(There's No Place Like) Home For The Holidays,Perry Como,0.736,0.0,1.0,0.69,1999-08-20
Heartless,The Weeknd,0.252,10.0,0.0,0.537,2020-03-20
Blue Christmas,Elvis Presley,0.58,4.0,1.0,0.465,1957-10-15
Everything I Wanted,Billie Eilish,0.243,6.0,0.0,0.7040000000000001,2019-11-13
Jingle Bells,Frank Sinatra,0.87,8.0,1.0,0.706,2017-10-06
Like It's Christmas,Jonas Brothers,0.61,1.0,1.0,0.725,2019-11-08
Trampoline,SHAED,0.537,7.0,0.0,0.6890000000000001,2018-09-21
Woah,Lil Baby,0.43,11.0,1.0,0.882,2019-11-08
Futsal Shuffle 2020,Lil Uzi Vert,0.29600000000000004,7.0,0.0,0.8809999999999999,2019-12-12
"You're A Mean One, Mr. Grinch",Thurl Ravenscroft,0.42,2.0,0.0,0.517,1966-12-18
Ran$om,Lil Tecca,0.226,7.0,0.0,0.745,2019-08-30
Falling,Trevor Daniel,0.23600000000000002,10.0,0.0,0.785,2018-10-05
One Man Band,Old Dominion,0.478,6.0,1.0,0.706,2019-10-25
Hot Girl Bummer,blackbear,0.685,6.0,0.0,0.782,2020-08-21
Suicidal,YNW Melly & Juice WRLD,0.235,9.0,0.0,0.735,2019-11-22
Lover,Taylor Swift,0.45299999999999996,7.0,1.0,0.359,2019-08-23
On Chill,Wale Featuring Jeremih,0.639,1.0,1.0,0.597,2019-10-11
Even Though I'm Leaving,Luke Combs,0.624,2.0,1.0,0.5539999999999999,2019-11-08
Graveyard,Halsey,0.187,11.0,0.0,0.667,2020-01-17
My Oh My,Camila Cabello Featuring DaBaby,0.38299999999999995,8.0,1.0,0.7240000000000001,2019-12-06
Juicy,Doja Cat & Tyga,0.483,0.0,1.0,0.7859999999999999,2019-11-07
Playing Games,Summer Walker,0.45899999999999996,11.0,0.0,0.726,2019-10-04
Heat,Chris Brown Featuring Gunna,0.483,0.0,1.0,0.619,2019-06-28
Into The Unknown,Idina Menzel & AURORA,0.27399999999999997,10.0,0.0,0.32299999999999995,2019-11-15
VIBEZ,DaBaby,0.777,1.0,0.0,0.768,2019-09-27
Heart On Ice,Rod Wave,0.244,10.0,0.0,0.733,2019-06-14
What If I Never Get Over You,Lady Antebellum,0.34,0.0,1.0,0.5760000000000001,2019-11-15
Camelot,NLE Choppa,0.7609999999999999,7.0,1.0,0.787,2019-09-13
Heartache Medication,Jon Pardi,0.7340000000000001,9.0,1.0,0.621,2019-09-27
Start Wit Me,Roddy Ricch & Gunna,0.408,4.0,0.0,0.8859999999999999,2019-12-06
Take What You Want,Post Malone Featuring Ozzy Osbourne & Travis Scott,0.272,1.0,0.0,0.499,2019-09-06
Leave Em Alone,"Layton Greene, Lil Baby, City Girls & PnB Rock",0.517,6.0,0.0,0.76,2019-08-16
Hate Me,Ellie Goulding & Juice WRLD,0.759,8.0,1.0,0.657,2019-06-26
Kinfolks,Sam Hunt,0.883,0.0,1.0,0.569,2020-04-03
Let Me Know (I Wonder Why Freestyle),Juice WRLD,0.38299999999999995,7.0,0.0,0.635,2019-12-07
Remember You Young,Thomas Rhett,0.299,6.0,1.0,0.396,2019-05-31
Death,Trippie Redd Featuring DaBaby,0.613,10.0,0.0,0.802,2019-11-22
223's,YNW Melly & 9lokknine,0.695,0.0,0.0,0.932,2019-08-09
Slide,H.E.R. Featuring YG,0.196,10.0,0.0,0.8270000000000001,2019-09-27
Easy,DaniLeigh Featuring Chris Brown,0.511,7.0,1.0,0.799,2019-05-31
Vete,Bad Bunny,0.526,1.0,1.0,0.8859999999999999,2019-11-21
Baby Sitter,DaBaby Featuring Offset,0.39399999999999996,1.0,1.0,0.852,2019-03-01
Nice To Meet Ya,Niall Horan,0.392,4.0,0.0,0.591,2019-10-04
Yellow Hearts,Ant Saunders,0.695,7.0,1.0,0.866,2019-06-18
Tip Toe,Roddy Ricch Featuring A Boogie Wit da Hoodie,0.574,1.0,1.0,0.757,2019-12-06
Candy,Doja Cat,0.209,8.0,1.0,0.6890000000000001,2018-03-30
BEST ON EARTH,Russ & BIA,0.597,5.0,0.0,0.846,2020-01-31
Tusa,Karol G & Nicki Minaj,0.574,2.0,1.0,0.8029999999999999,2019-11-07
Enemies,Post Malone Featuring DaBaby,0.667,6.0,1.0,0.542,2019-09-06
HIGHEST IN THE ROOM,Travis Scott,0.0605,7.0,0.0,0.598,2019-10-04
Bad Guy,Billie Eilish,0.562,7.0,1.0,0.701,2019-03-29
Hot,Young Thug Featuring Gunna,0.5589999999999999,0.0,0.0,0.855,2019-08-16
Only Human,Jonas Brothers,0.8740000000000001,0.0,1.0,0.795,2019-06-07
Out West,JACKBOYS Featuring Young Thug,0.309,8.0,1.0,0.802,2019-12-27
Talk,Khalid,0.34600000000000003,0.0,1.0,0.9009999999999999,2019-04-05
Beautiful People,Ed Sheeran Featuring Khalid,0.5479999999999999,5.0,0.0,0.64,2019-06-28
Suge,DaBaby,0.8440000000000001,2.0,0.0,0.8759999999999999,2019-03-01
Baby,Lil Baby & DaBaby,0.46,10.0,1.0,0.97,2019-08-16
GANG GANG,JACKBOYS & Sheck Wes,0.568,7.0,0.0,0.8590000000000001,2019-12-27
Ridin' Roads,Dustin Lynch,0.5920000000000001,9.0,1.0,0.547,2020-01-17
WHAT TO DO?,JACKBOYS Featuring Don Toliver,0.195,9.0,0.0,0.643,2019-12-27
Homesick,Kane Brown,0.409,8.0,1.0,0.701,2019-11-01
GATTI,"JACKBOYS, Pop Smoke & Travis Scott",0.47200000000000003,2.0,1.0,0.594,2019-12-27
High Fashion,Roddy Ricch Featuring Mustard,0.511,11.0,0.0,0.831,2019-12-06
TOES,DaBaby Featuring Lil Baby & Moneybagg Yo,0.542,8.0,1.0,0.816,2019-09-27
South Of The Border,Ed Sheeran Featuring Camila Cabello & Cardi B,0.6679999999999999,9.0,0.0,0.857,2019-07-12
I Hope,Gabby Barrett,0.377,6.0,1.0,0.466,2020-06-19
We Back,Jason Aldean,0.552,4.0,0.0,0.433,2019-11-22
Make Me Want To,Jimmie Allen,0.74,2.0,1.0,0.519,2018-10-12
homecoming queen?,Kelsea Ballerini,0.29,9.0,1.0,0.462,2020-03-20
More Hearts Than Mine,Ingrid Andress,0.361,0.0,1.0,0.375,2020-03-27
I Wish Grandpas Never Died,Riley Green,0.24,6.0,1.0,0.445,2019-09-20
Jerry Sprunger,Tory Lanez & T-Pain,0.449,0.0,0.0,0.76,2019-11-15
Loco Contigo,"DJ Snake, J. Balvin & Tyga",0.371,11.0,1.0,0.6940000000000001,2019-07-25
China,"Anuel AA, Daddy Yankee, Karol G, Ozuna & J Balvin",0.609,7.0,1.0,0.7859999999999999,2019-07-19
Slow Dance In A Parking Lot,Jordan Davis,0.523,7.0,1.0,0.523,2018-03-23
July,Noah Cyrus & Leon Bridges,0.322,9.0,0.0,0.708,2020-05-15
Senorita,Shawn Mendes & Camila Cabello,0.75,9.0,0.0,0.759,2019-06-21
Sucker,Jonas Brothers,0.9520000000000001,1.0,0.0,0.8420000000000001,2019-06-07
No Idea,Don Toliver,0.35,6.0,0.0,0.652,2020-03-13
U Played,MoneyBagg Yo Featuring Lil Baby,0.8809999999999999,2.0,1.0,0.8740000000000001,2020-01-10
SUGAR,BrockHampton,0.516,1.0,1.0,0.45299999999999996,2019-08-23
What She Wants Tonight,Luke Bryan,0.716,8.0,0.0,0.484,2019-10-24
Peta,Roddy Ricch Featuring Meek Mill,0.26899999999999996,10.0,0.0,0.778,2019-12-06
All I Want,Olivia Rodrigo,0.129,0.0,0.0,0.376,2019-11-27
I Hope You're Happy Now,Carly Pearce & Lee Brice,0.33799999999999997,10.0,1.0,0.5920000000000001,2020-09-11
20/20,Lil Tjay,0.536,4.0,1.0,0.8859999999999999,2020-01-01
ORANGE SODA,Baby Keem,0.107,1.0,1.0,0.83,2019-07-19
Yummy,Justin Bieber,0.494,9.0,0.0,0.687,2020-01-03
Sum 2 Prove,Lil Baby,0.418,4.0,0.0,0.823,2020-01-10
You Should Be Sad,Halsey,0.324,2.0,1.0,0.591,2020-01-17
Rare,Selena Gomez,0.631,5.0,1.0,0.838,2020-01-10
I Don't Care,Ed Sheeran & Justin Bieber,0.8420000000000001,6.0,1.0,0.7979999999999999,2019-05-10
Make No Sense,YoungBoy Never Broke Again,0.9620000000000001,10.0,0.0,0.8759999999999999,2019-10-11
Eleven,Khalid,0.151,4.0,0.0,0.679,2020-05-01
Look At Her Now.,Selena Gomez,0.55,10.0,0.0,0.753,2020-01-10
What A Man Gotta Do,Jonas Brothers,0.324,9.0,1.0,0.852,2020-01-17
Good News,Mac Miller,0.24100000000000002,1.0,0.0,0.794,2020-01-17
Darkness,Eminem,0.195,2.0,1.0,0.6709999999999999,2020-01-17
Those Kinda Nights,Eminem Featuring Ed Sheeran,0.39299999999999996,4.0,0.0,0.794,2020-01-17
Blue World,Mac Miller,0.508,8.0,1.0,0.742,2020-01-17
Circles,Mac Miller,0.37,9.0,1.0,0.61,2020-01-17
Black Swan,BTS,0.49,2.0,0.0,0.7190000000000001,2020-02-21
Leaving Heaven,Eminem Featuring Skylar Grey,0.509,2.0,0.0,0.6609999999999999,2020-01-17
Complicated,Mac Miller,0.601,0.0,1.0,0.831,2020-01-17
Hand Me Downs,Mac Miller,0.336,2.0,1.0,0.677,2020-01-17
Premonition (Intro),Eminem,0.511,1.0,1.0,0.847,2020-01-17
I Can See,Mac Miller,0.0546,5.0,0.0,0.6990000000000001,2020-01-17
In Too Deep,Eminem,0.595,10.0,0.0,0.72,2020-01-17
Woods,Mac Miller,0.46,0.0,1.0,0.779,2020-01-17
Everybody,Mac Miller,0.11199999999999999,9.0,0.0,0.875,2020-01-17
Marsh,Eminem,0.0495,1.0,1.0,0.871,2020-01-17
No Regrets,Eminem Featuring Don Toliver,0.0687,9.0,1.0,0.7559999999999999,2020-01-17
Lock It Up,Eminem Featuring Anderson .Paak,0.516,6.0,0.0,0.848,2020-01-17
Stepdad,Eminem,0.557,1.0,1.0,0.779,2020-01-17
B.I.T.C.H.,Megan Thee Stallion,0.547,11.0,0.0,0.742,2020-01-24
Anyone,Demi Lovato,0.317,11.0,1.0,0.557,2020-01-27
Letter To Nipsey,Meek Mill Featuring Roddy Ricch,0.33799999999999997,7.0,0.0,0.7440000000000001,2020-01-27
Before You Go,Lewis Capaldi,0.183,3.0,1.0,0.45899999999999996,2019-11-22
Homemade,Jake Owen,0.574,6.0,1.0,0.51,2019-03-29
Come Thru,Summer Walker & Usher,0.46,5.0,0.0,0.679,2019-10-04
Underdog,Alicia Keys,0.301,0.0,0.0,0.6559999999999999,2020-01-09
First Man,Camila Cabello,0.223,7.0,1.0,0.5720000000000001,2019-12-06
What If I Told You That I Love You,Ali Gatie,0.22399999999999998,7.0,1.0,0.605,2020-01-24
Unaccommodating,Eminem Featuring Young M.A,0.389,1.0,1.0,0.852,2020-01-17
Dive Bar,Garth Brooks & Blake Shelton,,,,,
I Do It,Lil Wayne Featuring Big Sean & Lil Baby,0.321,1.0,1.0,0.804,2020-01-31
Only The Young,Taylor Swift,0.602,5.0,0.0,0.56,2020-01-31
Mahogany,Lil Wayne,0.41,1.0,0.0,0.466,2020-01-31
Mama Mia,Lil Wayne,0.961,5.0,0.0,0.711,2020-01-31
Nice To Meet Ya,Meghan Trainor Featuring Nicki Minaj,0.539,10.0,0.0,0.754,2020-01-31
Get Me,Justin Bieber Featuring Kehlani,0.75,6.0,0.0,0.8320000000000001,2020-02-14
Catch,Brett Young,0.604,2.0,1.0,0.5660000000000001,2018-12-07
Intentions,Justin Bieber Featuring Quavo,0.86,9.0,1.0,0.8109999999999999,2020-02-07
Yikes,Nicki Minaj,0.66,8.0,1.0,0.9109999999999999,2020-02-07
Run,Joji,0.361,7.0,1.0,0.44799999999999995,2020-09-25
Rodeo,Lil Nas X & Cardi B Or Nas,0.657,9.0,1.0,0.706,2019-06-21
KEII,Anuel AA,0.51,0.0,0.0,0.708,2020-02-07
Believe,Meek Mill Featuring Justin Timberlake,0.374,10.0,0.0,0.628,2020-02-07
No Judgement,Niall Horan,0.9620000000000001,1.0,0.0,0.723,2020-02-07
No Time To Die,Billie Eilish,0.0517,4.0,0.0,0.38,2020-02-13
Numbers,"A Boogie Wit da Hoodie Featuring Roddy Ricch, Gunna & London On Da Track",0.455,11.0,0.0,0.8190000000000001,2020-02-14
Forever,Justin Bieber Featuring Post Malone & Clever,0.892,8.0,0.0,0.825,2020-02-14
Dior,Pop Smoke,0.648,7.0,1.0,0.5479999999999999,2019-07-26
Go Stupid,Polo G Featuring NLE Choppa & Stunna 4 Vegas,0.645,1.0,1.0,0.92,2020-05-15
Might Not Give Up,A Boogie Wit da Hoodie Featuring Young Thug,0.24600000000000002,2.0,1.0,0.687,2020-02-14
Thug Love,A Boogie Wit da Hoodie,0.32799999999999996,5.0,0.0,0.54,2020-02-14
After Hours,The Weeknd,0.14300000000000002,5.0,0.0,0.664,2020-03-20
Ignorantes,Bad Bunny & Sech,0.505,1.0,1.0,0.85,2020-02-14
Stain,A Boogie Wit da Hoodie Featuring DaBaby,0.604,8.0,1.0,0.816,2020-02-14
Come Around Me,Justin Bieber,0.767,2.0,0.0,0.648,2020-02-14
Cinderella Story,A Boogie Wit da Hoodie,0.569,4.0,1.0,0.639,2020-02-14
Habitual,Justin Bieber,0.63,4.0,1.0,0.764,2020-02-14
All Around Me,Justin Bieber,0.6920000000000001,0.0,0.0,0.5660000000000001,2020-02-14
Red Eye,YoungBoy Never Broke Again,0.327,9.0,1.0,0.485,2020-02-21
Fine By Time,YoungBoy Never Broke Again,0.33299999999999996,8.0,1.0,0.506,2020-02-21
Bad Bad,YoungBoy Never Broke Again,0.812,3.0,0.0,0.682,2020-02-21
Knocked Off,YoungBoy Never Broke Again,0.569,6.0,0.0,0.752,2020-02-21
Moral Of The Story,Ashe,0.265,10.0,1.0,0.5720000000000001,2019-02-14
RIP Lil Phat,YoungBoy Never Broke Again,0.608,6.0,0.0,0.652,2020-02-21
My Time,BTS,0.664,0.0,0.0,0.674,2020-02-21
Long RD,YoungBoy Never Broke Again,0.307,4.0,0.0,0.768,2020-02-21
Filter,BTS,0.86,10.0,0.0,0.7809999999999999,2020-02-21
Bat Man,YoungBoy Never Broke Again,0.745,1.0,0.0,0.782,2020-02-21
The Man,Taylor Swift,0.633,0.0,1.0,0.777,2019-08-23
Shake The Room,Pop Smoke Featuring Quavo,0.4370000000000001,2.0,1.0,0.733,2020-02-07
Feel Me,Selena Gomez,0.392,2.0,0.0,0.71,2020-02-21
Stupid Love,Lady Gaga,0.784,8.0,1.0,0.68,2020-05-29
Commercial,Lil Baby Featuring Lil Uzi Vert,0.535,11.0,0.0,0.892,2020-02-28
La Dificil,Bad Bunny,0.7609999999999999,8.0,0.0,0.685,2020-02-28
PTSD,"G Herbo Featuring Chance The Rapper, Juice WRLD & Lil Uzi Vert",0.805,1.0,0.0,0.883,2020-02-28
Get Ugly,Lil Baby,0.0734,1.0,0.0,0.6809999999999999,2020-02-28
No Sucker,Lil Baby & Moneybagg Yo,0.851,0.0,1.0,0.9,2020-02-28
How,Lil Baby,0.272,11.0,1.0,0.644,2011-01-01
Pero Ya No,Bad Bunny,0.742,4.0,1.0,0.882,2020-02-28
Forever,Lil Baby Featuring Lil Wayne,0.542,5.0,0.0,0.415,2009-01-01
Yo Perreo Sola,Bad Bunny,0.45299999999999996,11.0,1.0,0.86,2020-02-28
Same Thing,Lil Baby,0.556,7.0,1.0,0.902,2020-02-28
Bichiyal,Bad Bunny & Yaviah,0.662,10.0,0.0,0.737,2020-02-28
We Should,Lil Baby & Young Thug,0.562,9.0,0.0,0.562,2020-02-28
Solia,Bad Bunny,0.184,2.0,1.0,0.71,2020-02-28
Sunday Best,Surfaces,0.6940000000000001,5.0,1.0,0.878,2019-01-06
Can't Explain,Lil Baby,0.11900000000000001,10.0,1.0,0.642,2020-02-28
Baby Pluto,Lil Uzi Vert,0.6709999999999999,10.0,0.0,0.772,2020-03-06
Lo Mein,Lil Uzi Vert,0.509,1.0,1.0,0.855,2020-03-06
Silly Watch,Lil Uzi Vert,0.157,8.0,1.0,0.903,2020-03-06
P2,Lil Uzi Vert,0.49,11.0,0.0,0.775,2020-03-06
I Love Me,Demi Lovato,0.713,6.0,1.0,0.664,2020-03-06
Homecoming,Lil Uzi Vert,0.353,9.0,1.0,0.929,2020-03-06
B.S.,Jhene Aiko Featuring H.E.R.,0.377,8.0,0.0,0.617,2020-03-06
Prices,Lil Uzi Vert,0.57,7.0,1.0,0.7859999999999999,2020-03-06
POP,Lil Uzi Vert,0.261,1.0,1.0,0.772,2019-06-07
Bigger Than Life,Lil Uzi Vert,0.716,8.0,0.0,0.7759999999999999,2020-03-06
Celebration Station,Lil Uzi Vert,0.792,6.0,1.0,0.748,2020-03-06
You Better Move,Lil Uzi Vert,0.306,8.0,1.0,0.8420000000000001,2020-03-06
I'm Sorry,Lil Uzi Vert,0.303,1.0,1.0,0.858,2020-03-06
Venetia,Lil Uzi Vert,0.562,9.0,1.0,0.775,2020-03-06
Chrome Heart Tags,Lil Uzi Vert,0.574,0.0,1.0,0.7020000000000001,2020-03-06
Bust Me,Lil Uzi Vert,0.608,11.0,1.0,0.7340000000000001,2020-03-06
Happiness Over Everything (H.O.E.),Jhene Aiko Featuring Future & Miguel,0.867,1.0,0.0,0.415,2020-03-06
Captain Hook,Megan Thee Stallion,0.545,10.0,0.0,0.863,2020-03-06
Urgency,Lil Uzi Vert Featuring Syd,0.47100000000000003,1.0,1.0,0.619,2020-03-06
SkyBox,Gunna,0.34299999999999997,1.0,1.0,0.779,2020-03-06
Triggered,Jhene Aiko,0.391,0.0,1.0,0.485,2020-03-06
None Of Your Concern,Jhene Aiko Featuring Big Sean,0.373,9.0,0.0,0.43700000000000006,2020-03-06
Myron,Lil Uzi Vert,0.573,8.0,0.0,0.7709999999999999,2020-03-13
Bean (Kobe),Lil Uzi Vert Featuring Chief Keef,,,,,
Yessirskiii,Lil Uzi Vert & 21 Savage,0.763,8.0,1.0,0.895,2020-03-13
Lotus,Lil Uzi Vert,0.516,8.0,1.0,0.802,2020-03-13
Wassup,Lil Uzi Vert Featuring Future,0.626,5.0,0.0,0.762,2020-03-13
Strawberry Peels,Lil Uzi Vert Featuring Young Thug & Gunna,0.6579999999999999,10.0,0.0,0.862,2020-03-13
Moon Relate,Lil Uzi Vert,0.34,7.0,1.0,0.867,2020-03-13
I Can Show You,Lil Uzi Vert,0.314,10.0,0.0,0.8170000000000001,2020-03-13
Trap This Way (This Way),Lil Uzi Vert,0.207,2.0,1.0,0.71,2020-03-13
Leaders,Lil Uzi Vert Featuring NAV,0.8859999999999999,0.0,0.0,0.95,2020-03-13
No Auto,Lil Uzi Vert Featuring Lil Durk,0.565,11.0,0.0,0.765,2018-12-21
Come This Way,Lil Uzi Vert,0.619,1.0,1.0,0.682,2020-03-13
Got The Guap,Lil Uzi Vert Featuring Young Thug,0.7490000000000001,8.0,1.0,0.8370000000000001,2020-03-13
Cardigan,Don Toliver,0.0663,4.0,0.0,0.747,2020-03-13
In Your Eyes,The Weeknd,0.7170000000000001,7.0,0.0,0.667,2020-03-20
Alone Again,The Weeknd,0.0599,4.0,0.0,0.218,2020-03-20
Scared To Live,The Weeknd,0.196,0.0,1.0,0.504,2020-03-20
Hardest To Love,The Weeknd,0.10800000000000001,10.0,1.0,0.467,2020-03-20
Too Late,The Weeknd,0.226,4.0,0.0,0.638,2020-03-20
Snowchild,The Weeknd,0.243,0.0,1.0,0.55,2020-03-20
Escape From LA,The Weeknd,0.168,5.0,0.0,0.40399999999999997,2020-03-20
Save Your Tears,The Weeknd,0.644,0.0,1.0,0.68,2020-03-20
Faith,The Weeknd,0.128,0.0,0.0,0.375,2020-03-20
Repeat After Me (Interlude),The Weeknd,0.141,0.0,1.0,0.555,2020-03-20
Until I Bleed Out,The Weeknd,0.14800000000000002,0.0,0.0,0.245,2020-03-20
Walk Em Down,NLE Choppa Featuring Roddy Ricch,0.645,2.0,1.0,0.867,2020-03-19
Turks,"NAV, Gunna & Travis Scott",0.389,7.0,0.0,0.893,2020-03-27
Believe It,PARTYNEXTDOOR & Rihanna,0.731,6.0,1.0,0.43,2020-03-27
Last Time I Say Sorry,Kane Brown & John Legend,0.205,9.0,1.0,0.263,2020-03-27
Find My Way,DaBaby,0.7,4.0,0.0,0.836,2020-04-17
Fuck The World,Rod Wave,0.466,8.0,1.0,0.705,2020-04-03
Thief In The Night,Rod Wave,0.276,7.0,0.0,0.505,2020-04-03
Tycoon,Future,0.85,1.0,0.0,0.858,2020-04-01
I Remember,Rod Wave,0.389,5.0,0.0,0.667,2020-08-07
The Greatest,Rod Wave,0.586,0.0,1.0,0.732,2020-04-03
Ribbon In The Sky,Rod Wave,0.39799999999999996,0.0,1.0,0.41200000000000003,2020-04-03
Here And Now,Kenny Chesney,0.706,9.0,1.0,0.506,2020-05-01
Thug Life,Rod Wave,0.631,1.0,1.0,0.441,2020-08-07
No Weakness,Rod Wave,0.55,10.0,0.0,0.7070000000000001,2020-08-07
Level Of Concern,twenty one pilots,0.77,4.0,0.0,0.754,2020-04-09
Boyfriend,Selena Gomez,0.34600000000000003,2.0,1.0,0.8109999999999999,2020-04-09
Broke In A Minute,Tory Lanez,0.802,0.0,0.0,0.929,2020-04-10
DND,Polo G,0.231,0.0,0.0,0.779,2020-05-15
In Between,Scotty McCreery,0.39299999999999996,11.0,1.0,0.5920000000000001,2018-01-12
Ride It.,Regard,0.884,7.0,0.0,0.88,2019-07-26
Boss Bitch,Doja Cat,0.575,10.0,0.0,0.7070000000000001,2020-01-23
@ MEH,Playboi Carti,0.4,11.0,0.0,0.8759999999999999,2020-04-16
I'm Ready,Sam Smith & Demi Lovato,0.125,10.0,1.0,0.501,2020-10-30
PICK UP,DaBaby Featuring Quavo,0.758,1.0,1.0,0.915,2020-04-17
NASTY,DaBaby Featuring Ashanti & Megan Thee Stallion,0.64,10.0,1.0,0.768,2020-04-17
More Than My Hometown,Morgan Wallen,0.597,6.0,1.0,0.62,2021-01-08
CAN'T STOP,DaBaby,0.8320000000000001,11.0,0.0,0.732,2020-04-17
BLAME IT ON BABY,DaBaby,0.8640000000000001,9.0,1.0,0.875,2020-04-17
DROP,DaBaby Featuring A Boogie Wit da Hoodie & London On Da Track,0.536,9.0,0.0,0.833,2020-04-17
TALK ABOUT IT,DaBaby,0.439,1.0,1.0,0.951,2020-04-17
CHAMPION,DaBaby,0.56,0.0,0.0,0.828,2020-04-17
I Dare You,Kelly Clarkson,0.435,2.0,1.0,0.655,2020-04-16
The Scotts,"THE SCOTTS, Travis Scott & Kid Cudi",0.28,0.0,0.0,0.716,2020-04-24
Goosebumps,Travis Scott,0.43,7.0,1.0,0.841,2016-09-16
Sasuke,Lil Uzi Vert,0.153,1.0,1.0,0.8590000000000001,2020-04-24
Ain't Easy,YoungBoy Never Broke Again,0.514,11.0,0.0,0.738,2020-04-24
Party Girl,StaySolidRocky,0.629,6.0,0.0,0.728,2020-04-21
Diamonds,YoungBoy Never Broke Again,0.589,8.0,0.0,0.6509999999999999,2020-04-24
Drinking Alone,Carrie Underwood,0.47700000000000004,5.0,0.0,0.691,2018-09-14
Thug Of Spades,YoungBoy Never Broke Again Featuring DaBaby,0.573,0.0,0.0,0.599,2020-04-24
Chicago Freestyle,Drake Featuring Giveon,0.0397,10.0,1.0,0.735,2020-05-01
Not You Too,Drake Featuring Chris Brown,0.316,9.0,0.0,0.45799999999999996,2020-05-01
Desires,Drake Featuring Future,0.5539999999999999,5.0,0.0,0.812,2020-05-01
Be Kind,Marshmello & Halsey,0.452,4.0,1.0,0.63,2020-05-01
Time Flies,Drake,0.5,10.0,1.0,0.8640000000000001,2020-05-01
Deep Pockets,Drake,0.374,7.0,0.0,0.473,2020-05-01
Landed,Drake,0.715,7.0,1.0,0.8809999999999999,2020-05-01
War,Drake,0.239,10.0,0.0,0.7490000000000001,2020-05-01
Six Feet Apart,Luke Combs,0.449,6.0,1.0,0.565,2020-05-01
Social Distancing,Lil Baby,0.36,5.0,1.0,0.8490000000000001,2020-05-01
Low Down,Lil Baby,0.154,10.0,0.0,0.9620000000000001,2020-05-01
Don't Rush,Young T & Bugsey Featuring Headie One,0.34600000000000003,2.0,1.0,0.9590000000000001,2020-06-12
Gooba,6ix9ine,0.39299999999999996,1.0,1.0,0.611,2020-05-08
Can I,Kehlani Featuring Tory Lanez,0.612,1.0,1.0,0.574,2020-05-08
Zoo York,Lil Tjay Featuring Fivio Foreign & Pop Smoke,0.303,6.0,0.0,0.565,2020-05-08
Toxic,Kehlani,0.0405,7.0,0.0,0.653,2020-05-08
Go Crazy,Chris Brown & Young Thug,0.581,0.0,0.0,0.755,2020-05-08
Viral Moment,Lil Durk,0.264,1.0,1.0,0.545,2020-05-08
Flex,Polo G Featuring Juice WRLD,0.35,10.0,0.0,0.752,2020-05-15
Solitaires,Future Featuring Travis Scott,0.488,1.0,1.0,0.691,2020-05-15
X,Jonas Brothers Featuring Karol G,0.75,4.0,0.0,0.715,2020-05-15
Trillionaire,Future Featuring YoungBoy Never Broke Again,0.473,0.0,1.0,0.768,2020-05-15
Trapped In The Sun,Future,0.11800000000000001,6.0,0.0,0.701,2020-05-15
All Bad,Future Featuring Lil Uzi Vert,0.667,6.0,0.0,0.9309999999999999,2020-05-15
Hard To Choose One,Future,0.254,10.0,1.0,0.884,2020-05-15
Ridin Strikers,Future,0.134,1.0,1.0,0.595,2020-05-15
Hitek Tek,Future,0.188,2.0,1.0,0.873,2020-05-15
Posted With Demons,Future,0.449,4.0,0.0,0.9309999999999999,2020-05-15
Touch The Sky,Future,0.266,2.0,1.0,0.898,2020-05-15
One Of My,Future,0.598,1.0,1.0,0.95,2020-05-15
Harlem Shake,Future Featuring Young Thug,0.41200000000000003,10.0,0.0,0.8640000000000001,2020-05-15
Don't Believe The Hype,Polo G,0.418,10.0,0.0,0.622,2020-05-15
Beautiful Pain (Losin My Mind),Polo G,0.512,1.0,0.0,0.597,2020-05-15
33,Polo G,0.11699999999999999,5.0,0.0,0.732,2020-05-15
I Know,Polo G,0.557,5.0,0.0,0.807,2020-05-15
Cooler Than A Bitch,Gunna Featuring Roddy Ricch,0.618,11.0,0.0,0.8370000000000001,2020-05-22
Top Floor,Gunna Featuring Travis Scott,0.48100000000000004,8.0,0.0,0.823,2020-05-22
Wunna,Gunna,0.313,0.0,1.0,0.89,2020-05-22
Blindfold,Gunna Featuring Lil Baby,0.21899999999999997,2.0,1.0,0.889,2020-05-22
Need It,Migos Featuring YoungBoy Never Broke Again,0.897,11.0,0.0,0.852,2020-05-22
Argentina,Gunna,0.35600000000000004,1.0,1.0,0.804,2020-05-22
Met Gala,Gunna,0.956,1.0,1.0,0.873,2020-05-22
Nasty Girl / On Camera,Gunna,0.522,0.0,1.0,0.598,2020-05-22
Gimmick,Gunna,0.58,2.0,1.0,0.938,2020-05-22
ily,surf mesa Featuring Emilee,0.33,11.0,0.0,0.674,2019-11-26
Tell Me U Luv Me,Juice WRLD & Trippie Redd,0.39399999999999996,2.0,1.0,0.66,2020-07-10
One Big Country Song,LOCASH,0.5529999999999999,5.0,1.0,0.547,2019-03-29
T.D,"Lil Yachty & Tierra Whack Featuring A$AP Rocky & Tyler, The Creator",0.746,10.0,0.0,0.784,2020-05-29
Alice,Lady Gaga,0.32299999999999995,11.0,0.0,0.723,2020-05-29
Hasta Que Dios Diga,Anuel AA & Bad Bunny,0.855,8.0,1.0,0.691,2020-05-29
Lose Somebody,Kygo & OneRepublic,0.507,1.0,1.0,0.58,2020-05-15
Otherside Of America,Meek Mill,0.40299999999999997,5.0,0.0,0.73,2020-06-05
Deep End Freestyle,Sleepy Hallow,0.7759999999999999,4.0,0.0,0.868,2020-06-05
Hard Days,Brantley Gilbert,0.41,8.0,1.0,0.308,2020-06-05
Worldwide Beautiful,Kane Brown,0.57,11.0,1.0,0.517,2020-06-04
Trollz,6ix9ine & Nicki Minaj,0.493,1.0,1.0,0.7440000000000001,2020-06-12
Make It Rain,Pop Smoke Featuring Rowdy Rebel,0.565,1.0,1.0,0.54,2020-06-12
Go!,Kid LAROI & Juice WRLD,0.522,6.0,1.0,0.48700000000000004,2020-07-24
Shotta Flow 5,NLE Choppa,0.77,1.0,1.0,0.8059999999999999,2020-06-12
Snow On Tha Bluff,J. Cole,0.235,8.0,0.0,0.586,2020-06-16
Tommy Lee,Tyla Yaweh & Post Malone,0.634,10.0,1.0,0.457,2020-06-12
Do It,Chloe X Halle,0.5660000000000001,5.0,0.0,0.725,2020-06-03
Done,Chris Janson,0.763,9.0,1.0,0.565,2019-10-18
The Man Who Loves You The Most,Zac Brown Band,0.44,3.0,1.0,0.506,2020-06-12
Need Me,J.I The Prince Of N.Y,0.732,10.0,0.0,0.815,2019-10-11
My Truck,Breland,0.55,2.0,1.0,0.883,2020-05-22
One Shot,YoungBoy Never Broke Again Featuring Lil Baby,0.261,1.0,0.0,0.589,2020-06-18
Wash Us In The Blood,Kanye West Featuring Travis Scott,0.381,10.0,1.0,0.67,2020-06-30
Know My Rights,6LACK Featuring Lil Baby,0.542,1.0,0.0,0.789,2020-06-26
Stick That In Your Country Song,Eric Church,0.405,0.0,0.0,0.536,2020-06-25
I Called Mama,Tim McGraw,0.514,2.0,1.0,0.499,2020-08-21
Gangstas,Pop Smoke,0.557,4.0,0.0,0.5479999999999999,2020-07-03
44 Bulldog,Pop Smoke,0.318,8.0,1.0,0.8,2020-07-03
Yea Yea,Pop Smoke,0.44799999999999995,5.0,0.0,0.7170000000000001,2020-07-03
What You Know Bout Love,Pop Smoke,0.5429999999999999,10.0,1.0,0.7090000000000001,2020-07-03
Bad Bitch From Tokyo (Intro),Pop Smoke,0.674,10.0,0.0,0.645,2020-07-03
Enjoy Yourself,Pop Smoke Featuring Karol G,0.461,11.0,0.0,0.764,2020-07-03
Creature,Pop Smoke Featuring Swae Lee,0.3720000000000001,7.0,1.0,0.794,2020-07-03
West Coast Shit,Pop Smoke Featuring Tyga & Quavo,0.495,11.0,0.0,0.831,2020-07-03
YaYa,6ix9ine,0.354,11.0,1.0,0.672,2020-07-03
Come & Go,Juice WRLD x Marshmello,0.535,0.0,1.0,0.625,2020-07-10
Blood On My Jeans,Juice WRLD,0.46399999999999997,6.0,1.0,0.868,2020-07-10
Titanic,Juice WRLD,0.23399999999999999,1.0,0.0,0.5670000000000001,2020-07-10
Bad Energy,Juice WRLD,0.532,7.0,1.0,0.654,2020-07-10
Stay High,Juice WRLD,0.433,8.0,1.0,0.745,2020-07-10
Fighting Demons,Juice WRLD,0.235,7.0,0.0,0.7070000000000001,2020-07-10
Up Up And Away,Juice WRLD,0.486,4.0,0.0,0.6609999999999999,2020-07-10
Screw Juice,Juice WRLD,0.515,5.0,0.0,0.595,2020-07-10
I Want It,Juice WRLD,0.147,4.0,0.0,0.28800000000000003,2020-07-10
Man Of The Year,Juice WRLD,0.298,4.0,1.0,0.621,2020-07-10
My Affection,Summer Walker & PARTYNEXTDOOR,0.233,7.0,1.0,0.632,2020-07-10
The 1,Taylor Swift,0.172,0.0,1.0,0.777,2020-07-24
The Last Great American Dynasty,Taylor Swift,0.706,7.0,1.0,0.6859999999999999,2020-07-24
My Tears Ricochet,Taylor Swift,0.111,0.0,1.0,0.456,2020-07-24
August,Taylor Swift,0.40299999999999997,5.0,1.0,0.532,2020-07-24
Mirrorball,Taylor Swift,0.379,2.0,1.0,0.5529999999999999,2020-07-24
Seven,Taylor Swift,0.415,4.0,1.0,0.596,2020-07-24
Invisible String,Taylor Swift,0.45,4.0,0.0,0.653,2020-07-24
This Is Me Trying,Taylor Swift,0.41200000000000003,9.0,1.0,0.515,2020-07-24
Betty,Taylor Swift,0.502,0.0,1.0,0.593,2020-07-24
Mad Woman,Taylor Swift,0.506,3.0,1.0,0.5920000000000001,2020-07-24
Lion King On Ice,J. Cole,0.22699999999999998,6.0,0.0,0.732,2020-07-22
Epiphany,Taylor Swift,0.113,1.0,1.0,0.354,2020-07-24
Peace,Taylor Swift,0.33899999999999997,5.0,1.0,0.647,2020-07-24
Hoax,Taylor Swift,0.429,8.0,1.0,0.662,2020-07-24
Perfect,Logic,0.648,0.0,1.0,0.769,2020-07-24
Move Ya Hips,A$AP Ferg Featuring  Nicki Minaj & MadeinTYO,0.0653,4.0,1.0,0.809,2020-07-30
WAP,Cardi B Featuring Megan Thee Stallion,0.35700000000000004,1.0,1.0,0.935,2020-08-07
Letter From Houston,Rod Wave,0.758,11.0,0.0,0.6809999999999999,2020-08-07
Freestyle,Rod Wave,0.523,6.0,0.0,0.7440000000000001,2020-08-07
Heather,Conan Gray,0.27,5.0,1.0,0.35700000000000004,2020-03-20
Dynamite,BTS,0.737,6.0,0.0,0.746,2020-11-20
Rockstar,DaBaby Featuring Roddy Ricch,0.4970000000000001,11.0,1.0,0.746,2020-04-17
Savage Love (Laxed - Siren Beat),Jawsh 685 x Jason Derulo,0.7609999999999999,0.0,0.0,0.767,2020-06-11
For The Night,Pop Smoke Featuring Lil Baby & DaBaby,0.34700000000000003,6.0,0.0,0.823,2020-07-03
Savage,Megan Thee Stallion Featuring Beyonce,0.68,11.0,1.0,0.843,2020-03-06
Be Like That,Kane Brown With Swae Lee & Khalid,0.322,7.0,1.0,0.727,2020-07-10
Say So,Doja Cat Featuring Nicki Minaj,0.7859999999999999,11.0,0.0,0.787,2019-11-07
Greece,DJ Khaled Featuring Drake,0.22899999999999998,5.0,1.0,0.695,2020-07-16
The Plan,Travis Scott,0.0363,1.0,0.0,0.433,2020-08-22
Hawai,Maluma,0.609,6.0,0.0,0.7659999999999999,2020-11-05
My Ex's Best Friend,Machine Gun Kelly X blackbear,0.298,5.0,0.0,0.731,2020-09-25
All In,YoungBoy Never Broke Again,0.27899999999999997,8.0,1.0,0.511,2020-09-11
La Jeepeta,Nio Garcia x Anuel AA x Myke Towers x Brray x Juanka,0.7859999999999999,4.0,0.0,0.815,2020-04-24
You Broke Me First.,Tate McRae,0.0823,4.0,1.0,0.667,2020-04-17
Spicy,Nas Featuring Fivio Foreign & A$AP Ferg,0.152,1.0,1.0,0.7240000000000001,2020-08-21
Exile,Taylor Swift Featuring Bon Iver,0.152,6.0,1.0,0.298,2020-07-24
My Window,YoungBoy Never Broke Again Featuring Lil Wayne,0.5710000000000001,8.0,0.0,0.778,2020-09-11
OK Not To Be OK,Marshmello & Demi Lovato,0.263,1.0,0.0,0.743,2020-09-10
Drug Addiction,YoungBoy Never Broke Again,0.6759999999999999,1.0,0.0,0.8190000000000001,2020-09-11
Ice Cream,BLACKPINK X Selena Gomez,0.91,9.0,1.0,0.79,2020-10-02
Gone Too Soon,Andrew Jannakos,0.45899999999999996,4.0,0.0,0.529,2020-09-15
Dead Trollz,YoungBoy Never Broke Again,0.7609999999999999,6.0,1.0,0.524,2020-09-11
Relacion,"Sech, Daddy Yankee & J Balvin Featuring ROSALIA, Farruko",0.835,5.0,1.0,0.7929999999999999,2020-09-04
Cross Roads,YoungBoy Never Broke Again,0.439,0.0,1.0,0.7140000000000001,2020-09-11
Hit Different,SZA Featuring Ty Dolla $ign,0.716,0.0,0.0,0.679,2020-09-04
The Last Backyard...,YoungBoy Never Broke Again,0.815,6.0,1.0,0.5920000000000001,2020-09-11
Over Now,Calvin Harris X The Weeknd,0.679,4.0,0.0,0.612,2020-08-28
Caramelo,Ozuna x Karol G x Myke Towers,0.698,6.0,1.0,0.728,2020-06-11
Love You Like I Used To,Russell Dickerson,0.61,10.0,1.0,0.501,2020-02-11
Right Foot Creep,YoungBoy Never Broke Again,0.815,3.0,0.0,0.725,2020-09-11
Starting Over,Chris Stapleton,0.318,10.0,1.0,0.638,2020-08-27
Ain't Always The Cowboy,Jon Pardi,0.551,9.0,1.0,0.539,2019-09-27
Everywhere But On,Matt Stell,0.309,6.0,1.0,0.563,2019-10-25
You Got It,VEDO,0.391,5.0,1.0,0.774,2020-03-27
Lets Link,WhoHeem,0.522,10.0,0.0,0.8390000000000001,2020-08-20
Dirty Stick,YoungBoy Never Broke Again,0.349,0.0,1.0,0.614,2020-09-11
Holy,Justin Bieber Featuring Chance The Rapper,0.3720000000000001,6.0,1.0,0.6729999999999999,2020-09-18
I Hope,Gabby Barrett Featuring Charlie Puth,0.377,6.0,1.0,0.466,2020-06-19
Diamonds,Sam Smith,0.556,10.0,0.0,0.653,2020-09-17
Without You,Luke Combs Featuring Amanda Shires,0.355,6.0,1.0,0.522,2020-10-23
Relacion,"Sech, Daddy Yankee & J Balvin Featuring ROSALIA & Farruko",0.835,5.0,1.0,0.7929999999999999,2020-09-04
Dolly,Lil Tecca Featuring Lil Uzi Vert,0.589,7.0,0.0,0.664,2020-09-18
When You Down,Lil Tecca Featuring Polo G & Lil Durk,0.308,1.0,1.0,0.514,2020-09-18
Me Gusta,Anitta Featuring Cardi B & Myke Towers,0.807,6.0,0.0,0.91,2020-09-18
Wet. (She Got That...) ,YFN Lucci,0.316,1.0,0.0,0.695,2020-02-14
Whole Lotta Choppas,Sada Baby,0.27699999999999997,1.0,1.0,0.9259999999999999,2020-08-14
Blind,DaBaby Featuring Young Thug,0.754,11.0,0.0,0.7090000000000001,2020-08-04
Wolves,Big Sean Featuring Post Malone,0.325,2.0,1.0,0.7240000000000001,2020-09-04
Franchise,Travis Scott Featuring Young Thug & M.I.A.,0.547,8.0,0.0,0.835,2020-09-25
Forget Me Too,Machine Gun Kelly & Halsey,0.522,1.0,1.0,0.654,2020-09-25
Epidemic,Polo G,0.47600000000000003,1.0,1.0,0.616,2020-09-25
Bloody Valentine,Machine Gun Kelly,0.506,2.0,1.0,0.5329999999999999,2020-09-25
U 2 Luv,Ne-Yo & Jeremih,0.65,6.0,1.0,0.626,2020-05-29
Better,Zayn,0.0807,2.0,1.0,0.637,2020-09-25
Drunk Face,Machine Gun Kelly,0.344,7.0,0.0,0.691,2020-09-25
"Big, Big Plans",Chris Lane,0.4,7.0,1.0,0.574,2019-06-28
"Ay, Dios Mio!",Karol G,0.531,11.0,1.0,0.718,2020-07-10
Good Time,Niko Moon,0.6409999999999999,5.0,1.0,0.79,2020-02-14
Put Your Records On,Ritt Momney,0.151,6.0,0.0,0.39899999999999997,2020-04-24
Money Over Fallouts,Tory Lanez,0.444,8.0,1.0,0.568,2020-09-25
Moral Of The Story,Ashe Featuring Niall Horan,0.265,10.0,1.0,0.5720000000000001,2019-02-14
Savage Love (Laxed - Siren Beat),Jawsh 685 x Jason Derulo x BTS,0.7609999999999999,0.0,0.0,0.767,2020-06-11
Runnin,21 Savage & Metro Boomin,0.415,10.0,0.0,0.8190000000000001,2020-10-02
Mr. Right Now,21 Savage & Metro Boomin Featuring Drake,0.7040000000000001,5.0,1.0,0.647,2020-10-02
Wonder,Shawn Mendes,0.132,1.0,0.0,0.33299999999999996,2020-10-02
Glock In My Lap,21 Savage & Metro Boomin,0.20199999999999999,10.0,0.0,0.847,2020-10-02
Dreams,Fleetwood Mac,0.789,0.0,1.0,0.828,1977-02-04
Don't Stop,Megan Thee Stallion Featuring Young Thug,0.544,2.0,1.0,0.9329999999999999,2020-10-02
Slidin,21 Savage & Metro Boomin,0.382,2.0,1.0,0.774,2020-10-02
Many Men,21 Savage & Metro Boomin,0.281,10.0,0.0,0.635,2020-10-02
Fallin',Why Don't We,0.233,0.0,1.0,0.606,2020-09-29
Outta Time,Bryson Tiller Featuring Drake,0.33799999999999997,5.0,0.0,0.7140000000000001,2020-10-02
My Dawg,21 Savage & Metro Boomin,0.364,0.0,0.0,0.831,2020-10-02
Brand New Draco,21 Savage & Metro Boomin,0.439,11.0,0.0,0.6970000000000001,2020-10-02
Lovesick Girls,BLACKPINK,0.44799999999999995,6.0,1.0,0.654,2020-10-02
Snitches & Rats,21 Savage & Metro Boomin Featuring Young Nudy,0.494,9.0,1.0,0.821,2020-10-02
No Opp Left Behind,21 Savage & Metro Boomin,0.26,8.0,1.0,0.823,2020-10-02
Levitating,Dua Lipa Featuring DaBaby,0.915,6.0,0.0,0.7020000000000001,2020-10-01
Steppin On N*ggas,21 Savage & Metro Boomin,0.726,7.0,1.0,0.8420000000000001,2020-10-01
RIP Luv,21 Savage & Metro Boomin,0.0657,5.0,0.0,0.63,2020-10-02
Always Forever,Bryson Tiller,0.4,10.0,0.0,0.605,2021-02-26
Years Go By,Bryson Tiller,0.0652,1.0,1.0,0.366,2021-02-26
Said N Done,21 Savage & Metro Boomin,0.479,11.0,1.0,0.775,2020-10-02
"Baby, I'm Jealous",Bebe Rexha Featuring Doja Cat,0.506,11.0,0.0,0.737,2020-10-09
Better Together,Luke Combs,0.67,0.0,1.0,0.552,2019-11-08
Hole In The Bottle,Kelsea Ballerini,0.7829999999999999,4.0,1.0,0.598,2020-11-13
Sofia,Clairo,0.6409999999999999,0.0,1.0,0.7440000000000001,2019-08-02
Lonely,Justin Bieber & benny blanco,0.0927,11.0,0.0,0.631,2020-10-16
Whole Lotta Choppas,Sada Baby Featuring Nicki Minaj,0.27699999999999997,1.0,1.0,0.9259999999999999,2020-08-14
You're Mines Still,Yung Bleu Featuring Drake,0.342,5.0,0.0,0.613,2020-10-16
Hate The Way,G-Eazy Featuring blackbear,0.361,4.0,0.0,0.569,2020-10-16
Canceled,Larray,0.55,11.0,0.0,0.647,2020-10-18
Happy Does,Kenny Chesney,0.597,6.0,1.0,0.715,2020-05-01
Throat Baby (Go Baby),BRS Kash,0.397,1.0,0.0,0.878,2021-01-21
Pardon,T.I. Featuring Lil Baby,0.9009999999999999,10.0,0.0,0.955,2020-10-16
Champagne Night,Lady A,0.9390000000000001,4.0,1.0,0.523,2020-06-12
Positions,Ariana Grande,0.682,0.0,1.0,0.737,2020-10-30
Forever After All,Luke Combs,0.456,0.0,1.0,0.48700000000000004,2020-10-23
Tyler Herro,Jack Harlow,0.775,5.0,0.0,0.794,2020-10-22
Spicy,Ty Dolla $ign Featuring Post Malone,0.11800000000000001,4.0,0.0,0.782,2020-10-23
The Other Guy,Luke Combs,0.319,6.0,1.0,0.5670000000000001,2020-10-23
Damage,H.E.R.,0.18,1.0,1.0,0.6459999999999999,2020-10-21
Golden,Harry Styles,0.254,4.0,0.0,0.44799999999999995,2019-12-13
Back To The Streets,Saweetie Featuring Jhene Aiko,0.562,4.0,1.0,0.865,2020-10-23
So Done,The Kid LAROI,0.303,9.0,1.0,0.7190000000000001,2020-10-23
Cold As You,Luke Combs,0.32799999999999996,6.0,1.0,0.598,2020-10-23
Practice,DaBaby,0.308,1.0,1.0,0.8490000000000001,2020-08-04
La Toxica,Farruko,0.623,9.0,1.0,0.659,2020-07-24
Head & Heart,Joel Corry X MNEK,0.905,8.0,1.0,0.7340000000000001,2020-07-03
"Wine, Beer, Whiskey",Little Big Town,0.784,7.0,1.0,0.727,2020-01-17
34+35,Ariana Grande,0.485,0.0,1.0,0.83,2020-10-30
Dakiti,Bad Bunny & Jhay Cortez,0.145,4.0,0.0,0.731,2020-10-30
Motive,Ariana Grande Featuring Doja Cat,0.6609999999999999,10.0,0.0,0.789,2021-02-19
Off The Table,Ariana Grande Featuring The Weeknd,0.382,0.0,1.0,0.41100000000000003,2021-02-19
pov,Ariana Grande,0.17300000000000001,0.0,0.0,0.48700000000000004,2020-10-30
Just Like Magic,Ariana Grande,0.46399999999999997,8.0,1.0,0.7190000000000001,2021-02-19
Shut Up,Ariana Grande,0.599,0.0,1.0,0.499,2021-02-19
Thriller,Michael Jackson,0.72,11.0,1.0,0.764,2017-09-27
Nasty,Ariana Grande,0.456,6.0,0.0,0.772,2021-02-19
Safety Net,Ariana Grande Featuring Ty Dolla $ign,0.0916,1.0,0.0,0.552,2021-02-19
Six Thirty,Ariana Grande,0.434,0.0,1.0,0.7390000000000001,2021-02-19
My Hair,Ariana Grande,0.3720000000000001,0.0,1.0,0.6859999999999999,2021-02-19
Obvious,Ariana Grande,0.26,0.0,1.0,0.624,2021-02-19
West Side,Ariana Grande,0.557,11.0,0.0,0.688,2021-02-19
Love Language,Ariana Grande,0.5529999999999999,10.0,0.0,0.688,2021-02-19
Weeeeee,Trippie Redd,0.152,0.0,1.0,0.7290000000000001,2021-02-19
Stay Down,"Lil Durk, 6LACK & Young Thug",0.6759999999999999,3.0,0.0,0.813,2020-10-30
Thick,DJ Chose Featuring BeatKing,0.591,4.0,1.0,0.87,2020-07-10
Take You Dancing,Jason Derulo,0.753,2.0,1.0,0.789,2020-07-22
Hawai,Maluma & The Weeknd,0.609,6.0,0.0,0.7659999999999999,2020-11-05
What That Speed Bout!?,"Mike WiLL Made-It, Nicki Minaj & YoungBoy Never Broke Again",0.297,10.0,0.0,0.755,2020-11-06
Took Her To The O,King Von,0.4,1.0,1.0,0.82,2020-03-06
Don't Need Friends,NAV Featuring Lil Baby,0.584,2.0,1.0,0.852,2020-11-06
The Code,King Von Featuring Polo G,0.568,6.0,0.0,0.831,2020-10-30
Tragic,The Kid LAROI Featuring YoungBoy Never Brok Again & Internet Money,0.38799999999999996,8.0,0.0,0.779,2020-11-06
Crazy Story 2.0,King Von Featuring Lil Durk,,,,,
Always Do,The Kid LAROI,0.5820000000000001,8.0,1.0,0.762,2020-11-06
Young Wheezy,NAV With Gunna,0.289,1.0,0.0,0.917,2020-11-06
Beers And Sunshine,Darius Rucker,0.677,5.0,1.0,0.57,2020-08-06
Therefore I Am,Billie Eilish,0.716,11.0,0.0,0.889,2020-11-12
Whoopty,CJ,0.66,3.0,0.0,0.7190000000000001,2020-08-20
"F*ck You, Goodbye",The Kid LAROI Featuring Machine Gun Kelly,0.29600000000000004,5.0,0.0,0.721,2020-11-06
Drankin N Smokin,Future & Lil Uzi Vert,0.387,0.0,1.0,0.752,2020-11-13
Holiday,Lil Nas X,0.8370000000000001,5.0,0.0,0.81,2020-11-13
Stripes Like Burberry,Future & Lil Uzi Vert,0.706,9.0,0.0,0.758,2020-11-13
That's It,Future & Lil Uzi Vert,0.599,11.0,0.0,0.94,2020-11-13
Real Baby Pluto,Future & Lil Uzi Vert,0.602,1.0,1.0,0.898,2020-11-13
Iris,Phoebe & Maggie,0.163,8.0,1.0,0.653,2015-10-07
Marni On Me,Future & Lil Uzi Vert,0.11599999999999999,2.0,1.0,0.759,2020-11-13
Million Dollar Play,Future & Lil Uzi Vert,0.585,0.0,0.0,0.8390000000000001,2020-11-13
Sleeping On The Floor,Future & Lil Uzi Vert,0.532,11.0,1.0,0.851,2020-11-13
What's Your Country Song,Thomas Rhett,0.523,5.0,1.0,0.355,2020-11-11
Plastic,Future & Lil Uzi Vert,0.142,5.0,0.0,0.773,2020-11-13
Rockstar Chainz,Future,0.271,2.0,1.0,0.867,2020-11-13
Bought A Bad Bitch,Future & Lil Uzi Vert,0.785,7.0,0.0,0.866,2020-11-13
Life Goes On,BTS,0.45,1.0,1.0,0.5660000000000001,2020-11-20
Monster,Shawn Mendes & Justin Bieber,0.5489999999999999,2.0,0.0,0.652,2020-11-20
Body,Megan Thee Stallion,0.469,8.0,0.0,0.914,2020-11-20
Blue & Grey,BTS,0.364,8.0,1.0,0.547,2020-11-20
Stay,BTS,0.341,6.0,1.0,0.5820000000000001,2020-11-20
Somebody's Problem,Morgan Wallen,0.62,5.0,1.0,0.6579999999999999,2021-01-08
Last Christmas,Wham!,0.9470000000000001,2.0,1.0,0.735,1984-11-29
Still Goin Down,Morgan Wallen,0.718,7.0,1.0,0.58,2020-11-19
Prisoner,Miley Cyrus Featuring Dua Lipa,0.595,3.0,0.0,0.7809999999999999,2020-11-20
Fly To My Room,BTS,0.588,11.0,1.0,0.764,2020-11-20
Telepathy,BTS,0.57,5.0,0.0,0.787,2020-11-20
Cry Baby,Megan Thee Stallion Featuring DaBaby,0.616,11.0,1.0,0.9570000000000001,2020-11-20
Dis-ease,BTS,0.484,8.0,1.0,0.731,2020-11-20
Shots Fired,Megan Thee Stallion,0.45,2.0,1.0,0.826,2020-11-20
Livin' The Dream,Morgan Wallen,0.441,7.0,0.0,0.621,2020-11-19
Pain Away,Meek Mill Featuring Lil Durk,0.105,1.0,0.0,0.42100000000000004,2020-11-20
Do It On The Tip,Megan Thee Stallion Featuring City Girls & Hot Girl Meg,0.608,0.0,1.0,0.943,2020-11-20
Circles,Megan Thee Stallion,0.795,6.0,0.0,0.8420000000000001,2020-11-20
Bichota,Karol G,0.838,1.0,0.0,0.863,2020-10-23
Cover Me Up,Morgan Wallen,0.214,7.0,1.0,0.5489999999999999,2021-01-08
Sleigh Ride,The Ronettes,0.853,2.0,1.0,0.529,1963
White Christmas,Bing Crosby,0.247,9.0,1.0,0.317,1942-01-01
It's Beginning To Look A Lot Like Christmas,Michael Buble,0.363,4.0,1.0,0.33899999999999997,2012-11-09
La Noche de Anoche,Bad Bunny & ROSALIA,0.391,7.0,1.0,0.856,2020-11-27
Te Mudaste,Bad Bunny,0.47100000000000003,10.0,0.0,0.8109999999999999,2020-11-27
Yo Visto Asi,Bad Bunny,0.677,7.0,0.0,0.688,2020-11-27
Dicked Down In Dallas,Trey Lewis,0.43799999999999994,6.0,1.0,0.51,2020-12-01
Haciendo Que Me Amas,Bad Bunny,0.41200000000000003,10.0,0.0,0.584,2020-11-27
Te Deseo Lo Mejor,Bad Bunny,0.19399999999999998,1.0,1.0,0.763,2020-11-27
Under The Mistletoe,Kelly Clarkson & Brett Eldredge,0.7040000000000001,2.0,1.0,0.43700000000000006,2020-10-28
Booker T,Bad Bunny,0.691,7.0,1.0,0.883,2020-11-27
El Mundo Es Mio,Bad Bunny,0.22399999999999998,5.0,1.0,0.716,2020-11-27
Hoy Cobre,Bad Bunny,0.375,11.0,1.0,0.86,2020-11-27
Rockin' Around The Christmas Tree,Justin Bieber,0.868,6.0,0.0,0.613,2020-12-04
Maldita Pobreza,Bad Bunny,0.588,4.0,0.0,0.762,2020-11-27
La Droga,Bad Bunny,0.295,1.0,1.0,0.643,2020-11-27
Favorite Time Of Year,Carrie Underwood,,,,,
On Me,Lil Baby,0.483,6.0,0.0,0.856,2020-12-04
Santa Tell Me,Ariana Grande,0.591,7.0,1.0,0.525,2014-11-24
Errbody,Lil Baby,0.272,2.0,1.0,0.887,2020-12-03
Wonderful Christmastime,Paul McCartney,0.7709999999999999,11.0,1.0,0.774,1980-05-16
Without You,The Kid LAROI,0.467,0.0,1.0,0.662,2020-11-06
Real Shit,Juice WRLD x benny blanco,0.6970000000000001,1.0,1.0,0.703,2020-12-02
Oh Santa!,Mariah Carey Featuring Ariana Grande & Jennifer Hudson,0.8490000000000001,1.0,1.0,0.648,2020-12-04
Take Me Home For Christmas,Dan + Shay,0.6629999999999999,6.0,1.0,0.6940000000000001,2020-11-06
Hallelujah,Carrie Underwood & John Legend,0.379,5.0,1.0,0.335,2020-09-25
Silent Night,Carrie Underwood,0.0932,7.0,1.0,0.243,2020-09-25
Willow,Taylor Swift,0.529,7.0,1.0,0.392,2020-12-11
Champagne Problems,Taylor Swift,0.32,0.0,1.0,0.462,2020-12-11
"No Body, No Crime",Taylor Swift Featuring HAIM,0.535,7.0,0.0,0.546,2020-12-11
'Tis The Damn Season,Taylor Swift,0.348,5.0,1.0,0.575,2020-12-11
Gold Rush,Taylor Swift,0.353,9.0,1.0,0.512,2020-12-11
Tequila Shots,Kid Cudi,0.22,5.0,0.0,0.7120000000000001,2020-12-11
Tolerate It,Taylor Swift,0.221,9.0,1.0,0.316,2020-12-11
Deck The Halls,Nat King Cole,0.816,9.0,1.0,0.84,2015-11-06
She Knows This,Kid Cudi,0.312,6.0,0.0,0.39,2020-12-11
Happiness,Taylor Swift,0.21100000000000002,11.0,1.0,0.5589999999999999,2020-12-11
Show Out,"Kid Cudi, Skepta & Pop Smoke",0.158,1.0,1.0,0.619,2020-12-11
Evermore,Taylor Swift Featuring Bon Iver,0.32,1.0,1.0,0.39,2020-12-11
Ivy,Taylor Swift,0.535,2.0,1.0,0.515,2020-12-11
Coney Island,Taylor Swift Featuring The National,0.292,8.0,1.0,0.537,2020-12-11
Another Day,Kid Cudi,0.0642,4.0,0.0,0.6459999999999999,2020-12-11
Dorothea,Taylor Swift,0.354,4.0,1.0,0.605,2020-12-11
Long Story Short,Taylor Swift,0.573,0.0,1.0,0.546,2020-12-11
Cowboy Like Me,Taylor Swift,0.511,0.0,1.0,0.604,2020-12-11
Way Out,Jack Harlow Featuring Big Sean,0.907,11.0,0.0,0.945,2020-12-09
Marjorie,Taylor Swift,0.287,5.0,1.0,0.535,2020-12-11
Mr. Solo Dolo III,Kid Cudi,,,,,
Dive,Kid Cudi,0.332,9.0,0.0,0.64,2020-12-11
Closure,Taylor Swift,0.92,9.0,1.0,0.6890000000000001,2020-12-11
Heaven On Earth,Kid Cudi,0.228,0.0,1.0,0.7859999999999999,2020-12-11
Reminds Me Of You,The Kid LAROI & Juice WRLD,0.33,4.0,1.0,0.613,2020-12-08
Sad People,Kid Cudi,0.41600000000000004,5.0,0.0,0.636,2020-12-11
Damaged,Kid Cudi,0.267,8.0,1.0,0.625,2020-12-11
Beautiful Trip,Kid Cudi,0.42,11.0,0.0,0.331,2020-12-11
Mele Kalikimaka (Merry Christmas),Bing Crosby & The Andrews Sisters,0.62,3.0,1.0,0.5,1945-01-01
This Christmas,Donny Hathaway,0.677,5.0,1.0,0.634,1990-04-03
Please Come Home For Christmas,Eagles,0.466,9.0,1.0,0.612,1994
Santa Claus Is Comin' To Town,Jackson 5,0.885,0.0,0.0,0.6679999999999999,2002-10-22
Little Saint Nick,The Beach Boys,0.971,11.0,1.0,0.602,1964-11-09
Have Yourself A Merry Little Christmas,Michael Buble,0.195,9.0,1.0,0.275,2012-11-09
I'll Be Home For Christmas,Bing Crosby,0.20199999999999999,7.0,1.0,0.162,1993-01-01
Afterglow,Ed Sheeran,0.273,11.0,1.0,0.6409999999999999,2020-12-21
Gnat,Eminem,0.82,10.0,0.0,0.835,2020-12-18
The First Noel,Gabby Barrett,0.102,10.0,1.0,0.45799999999999996,2020-10-23
Adderall (Corvette Corvette),Popp Hunna,0.677,4.0,0.0,0.9209999999999999,2020-12-18
Backdoor,Lil Durk,0.22899999999999998,4.0,0.0,0.665,2020-12-21
Moonwalking In Calabasas,DDG,0.745,11.0,0.0,0.9279999999999999,2020-12-02
Good Days,SZA,0.41200000000000003,1.0,0.0,0.436,2020-12-25
Still Trappin',Lil Durk & King Von,0.627,5.0,0.0,0.877,2020-12-24
Redman,Lil Durk,0.841,9.0,0.0,0.74,2020-12-24
Slay3r,Playboi Carti,0.436,4.0,0.0,0.885,2020-12-25
Go2DaMoon,Playboi Carti Featuring Kanye West,0.542,4.0,0.0,0.693,2020-12-25
Refugee,Lil Durk,0.502,1.0,1.0,0.857,2020-12-24
Monsters,All Time Low Featuring Demi Lovato & blackbear ,0.782,0.0,0.0,0.369,2020-04-03
Vamp Anthem,Playboi Carti,0.6409999999999999,11.0,1.0,0.642,2020-12-25
Down To One,Luke Bryan,0.551,8.0,1.0,0.62,2020-08-07
New N3on,Playboi Carti,0.948,6.0,0.0,0.888,2020-12-25
Death Ain't Easy,Lil Durk,0.55,1.0,1.0,0.7929999999999999,2020-12-24
M3tamorphosis,Playboi Carti Featuring Kid Cudi,0.122,0.0,1.0,0.657,2020-12-25
The Good Ones,Gabby Barrett,0.331,2.0,1.0,0.519,2020-06-19
Anyone,Justin Bieber,0.584,2.0,1.0,0.6859999999999999,2021-01-01
Long Live,Florida Georgia Line,0.544,7.0,1.0,0.611,2021-02-19
Girl Like Me,Black Eyed Peas X Shakira,0.312,2.0,1.0,0.965,2020-11-02
Momma's House,Dustin Lynch,0.541,11.0,0.0,0.633,2020-01-17
Back In Blood,Pooh Shiesty Featuring Lil Durk,0.831,8.0,0.0,0.759,2020-11-06
Hell Of A View,Eric Church,0.883,5.0,1.0,0.6890000000000001,2020-10-02
Almost Maybes,Jordan Davis,0.555,11.0,1.0,0.5820000000000001,2020-05-08
Lady,Brett Young,0.428,7.0,1.0,0.408,2020-05-01
Heat Waves,Glass Animals,0.531,11.0,1.0,0.7609999999999999,2020-08-07
Drivers License,Olivia Rodrigo,0.132,10.0,1.0,0.585,2021-01-08
34+35,Ariana Grande Ft. Doja Cat & Megan Thee Stallion,0.485,0.0,1.0,0.83,2020-10-30
Bad Boy,Juice WRLD & Young Thug,0.198,1.0,1.0,0.6970000000000001,2021-01-15
Wasted On You,Morgan Wallen,0.252,11.0,0.0,0.505,2021-01-08
Streets,Doja Cat,0.19,11.0,1.0,0.7490000000000001,2019-11-07
Sand In My Boots,Morgan Wallen,0.414,3.0,1.0,0.40299999999999997,2021-01-08
Best Friend,Saweetie Featuring Doja Cat,0.402,4.0,1.0,0.84,2021-01-07
Masterpiece,DaBaby,0.436,0.0,1.0,0.7809999999999999,2021-01-15
Warning,Morgan Wallen,0.268,10.0,1.0,0.633,2021-01-08
865,Morgan Wallen,0.3670000000000001,8.0,1.0,0.532,2021-01-08
Undivided,Tim McGraw & Tyler Hubbard,0.408,10.0,1.0,0.583,2021-01-13
Buss It,Erica Banks,0.795,9.0,1.0,0.956,2020-06-19
Beat Box,SpotemGottem,0.201,1.0,1.0,0.762,2020-04-20
Goosebumps,Travis Scott & HVME,0.43,7.0,1.0,0.841,2016-09-16
De Una Vez,Selena Gomez,0.0398,11.0,0.0,0.6659999999999999,2021-01-14
Better Days,Ant Clemons Featuring Justin Timberlake,0.498,5.0,0.0,0.46,2020-12-04
Somebody Like That,Tenille Arts,0.58,6.0,1.0,0.574,2020-01-10
Dangerous,Morgan Wallen,0.948,7.0,1.0,0.635,2021-01-08
Skin,Sabrina Carpenter,0.32799999999999996,7.0,1.0,0.557,2021-01-22
Lo Vas A Olvidar,Billie Eilish & ROSALIA,0.032,4.0,0.0,0.34299999999999997,2021-01-21
Opp Stoppa,YBN Nahmir Featuring 21 Savage,0.312,2.0,0.0,0.8290000000000001,2021-01-22
Antes,Anuel AA & Ozuna,0.67,6.0,0.0,0.8170000000000001,2021-01-22
Finesse Out The Gang Way,Lil Durk Featuring Lil Baby,0.49,1.0,0.0,0.738,2021-01-29
Should've Ducked,Lil Durk Featuring Pooh Shiesty,0.48700000000000004,11.0,0.0,0.787,2021-01-29
Gravity,"Brent Faiyaz & DJ Dahi Featuring Tyler, The Creator",0.493,1.0,0.0,0.539,2021-01-29
Baila Conmigo,Selena Gomez With Rauw Alejandro,0.6829999999999999,5.0,1.0,0.8240000000000001,2021-01-29
Kanye Krazy,Lil Durk,0.366,5.0,0.0,0.759,2021-01-29
Pick Up Your Feelings,Jazmine Sullivan,0.565,7.0,0.0,0.7290000000000001,2020-11-20
Fake Woke,Tom MacDonald,0.158,8.0,1.0,0.6609999999999999,2021-01-29
Calling My Phone,Lil Tjay Featuring 6LACK,0.20199999999999999,4.0,0.0,0.907,2021-02-12
Up,Cardi B,0.8190000000000001,11.0,1.0,0.868,2021-02-05
Love Story (Taylor's Version),Taylor Swift,0.41600000000000004,2.0,1.0,0.626,2021-02-12
We're Good,Dua Lipa,0.59,6.0,1.0,0.722,2021-02-11
Time Today,Moneybagg Yo,0.301,1.0,1.0,0.909,2021-02-03
What It Feels Like,Nipsey Hussle & JAY-Z,0.0778,1.0,0.0,0.39399999999999996,2021-02-12
My Head And My Heart,Ava Max,0.436,9.0,0.0,0.614,2020-09-18
Astronaut In The Ocean,Masked Wolf,0.47200000000000003,4.0,0.0,0.778,2021-01-06
No More Parties,Coi Leray,0.588,11.0,1.0,0.847,2021-01-22
Heartbreak Anniversary,Giveon,0.5429999999999999,0.0,1.0,0.449,2020-03-27
Neighbors,Pooh Shiesty Featuring BIG30,0.805,2.0,1.0,0.728,2021-02-05
Lifestyle,Jason Derulo Featuring Adam Levine,0.711,10.0,0.0,0.7490000000000001,2021-01-21
Bandido,Myke Towers & Juhn,0.682,8.0,1.0,0.713,2020-12-10
Glad You Exist,Dan + Shay,0.66,11.0,1.0,0.748,2021-02-05
Quicksand,Morray,0.561,4.0,0.0,0.9009999999999999,2020-10-30
Like I Want You,Giveon,0.43799999999999994,10.0,0.0,0.6779999999999999,2020-03-27
How They Remember You,Rascal Flatts,0.498,2.0,1.0,0.442,2020-07-31
No More Parties,Coi Leray Featuring Lil Durk,0.588,11.0,1.0,0.847,2021-01-22
Clouds,NF,0.809,1.0,1.0,0.7929999999999999,2021-02-18
Telepatia,Kali Uchis,0.5529999999999999,11.0,0.0,0.653,2020-12-04
Test Drive,Ariana Grande,0.322,9.0,0.0,0.698,2021-02-19
Hit Bout It,Lil Yachty Featuring Kodak Black,0.12300000000000001,1.0,1.0,0.631,2021-02-19
Chicken Tendies,Clinton Kane,0.568,7.0,1.0,0.57,2021-02-19
ZaZa,6ix9ine,0.698,8.0,0.0,0.764,2021-02-19
Made For You,Jake Owen,0.337,1.0,1.0,0.581,2019-03-29
The Business,Tiesto,0.235,8.0,0.0,0.7979999999999999,2020-09-16
Hello,Pop Smoke Featuring A Boogie Wit da Hoodie,0.3670000000000001,10.0,0.0,0.905,2020-07-20
Track Star,Mooski,0.285,7.0,0.0,0.6409999999999999,2021-02-09
Drivers License,Olivia Rodrigo,0.132,10.0,,0.585,2021-01-08
Up,Cardi B,0.8190000000000001,11.0,,0.868,2021-02-05
34+35,Ariana Grande,,[],[],[],[]
Blinding Lights,The Weeknd,0.334,,,0.514,2020-03-20
Save Your Tears,The Weeknd,0.644,0.0,,0.68,2020-03-20
Calling My Phone,Lil Tjay Featuring 6LACK,0.202,4.0,0.0,0.907,2021-02-12
Positions,Ariana Grande,0.682,0.0,,0.737,2020-10-30
What You Know Bout Love,Pop Smoke,0.5429999999999999,10.0,,0.7090000000000001,2020-07-03
Good Days,SZA,0.412,,0.0,0.436,2020-12-25
I Hope,Gabby Barrett Featuring Charlie Puth,0.377,6.0,,0.466,2020-06-19
Better Together,Luke Combs,0.67,0.0,,0.552,2019-11-08
You Broke Me First.,Tate McRae,0.0823,4.0,,0.667,2020-04-17
Streets,Doja Cat,0.19,11.0,,0.7490000000000001,2019-11-07
Good Time,Niko Moon,0.6409999999999999,5.0,,0.79,2020-02-14
Throat Baby (Go Baby),BRS Kash,,[],[],[],[]
Holy,Justin Bieber Featuring Chance The Rapper,0.3720000000000001,6.0,,0.6729999999999999,2020-09-18
Best Friend,Saweetie Featuring Doja Cat,0.402,4.0,,0.84,2021-01-07
Willow,Taylor Swift,0.529,7.0,,0.392,2020-12-11
Bang!,AJR,0.698,,0.0,0.74,2020-02-12
No More Parties,Coi Leray Featuring Lil Durk,0.588,11.0,,0.847,2021-01-22
Anyone,Justin Bieber,0.584,2.0,,0.6859999999999999,2021-01-01
Lemonade,Internet Money & Gunna Featuring Don Toliver & NAV,0.471,,0.0,0.799,2020-08-14
Just The Way,Parmalee x Blanco Brown,0.8140000000000001,9,,0.426,2019-12-13
Down To One,Luke Bryan,0.551,8.0,,0.62,2020-08-07
Without You,The Kid LAROI,0.467,0.0,,0.662,2020-11-06
Laugh Now Cry Later,Drake Featuring Lil Durk,0.522,0.0,,0.7609999999999999,2020-08-14
Starting Over,Chris Stapleton,0.318,10.0,,0.638,2020-08-27
Cry Baby,Megan Thee Stallion Featuring DaBaby,0.616,11.0,,0.9570000000000001,2020-11-20
Time Today,Moneybagg Yo,0.301,,,0.909,2021-02-03
What's Your Country Song,Thomas Rhett,0.523,5.0,,0.355,2020-11-11
Damage,H.E.R.,0.18,,,0.6459999999999999,2020-10-21
Beers And Sunshine,Darius Rucker,0.677,5.0,,0.57,2020-08-06
Beat Box,SpotemGottem,0.201,,,0.762,2020-04-20
The Good Ones,Gabby Barrett,0.331,2.0,,0.519,2020-06-19
We're Good,Dua Lipa,0.59,6.0,,0.722,2021-02-11
Buss It,Erica Banks,0.795,9.0,,0.956,2020-06-19
Clouds,NF,0.809,,,0.7929999999999999,2021-02-18
Goosebumps,Travis Scott & HVME,0.43,7.0,,0.841,2016-09-16
La Noche de Anoche,Bad Bunny & ROSALIA,0.391,7.0,,0.856,2020-11-27
Long Live,Florida Georgia Line,0.544,7.0,,0.611,2021-02-19
Astronaut In The Ocean,Masked Wolf,0.472,4.0,0.0,0.778,2021-01-06
Heartbreak Anniversary,Giveon,0.5429999999999999,0.0,,0.449,2020-03-27
Sand In My Boots,Morgan Wallen,0.414,3.0,,0.40299999999999997,2021-01-08
Heat Waves,Glass Animals,0.531,11.0,,0.7609999999999999,2020-08-07
Lady,Brett Young,0.428,7.0,,0.408,2020-05-01
Hit Bout It,Lil Yachty Featuring Kodak Black,0.123,,,0.631,2021-02-19
Forever After All,Luke Combs,0.456,0.0,,0.48700000000000004,2020-10-23
Hole In The Bottle,Kelsea Ballerini,0.7829999999999999,4.0,,0.598,2020-11-13
Girl Like Me,Black Eyed Peas X Shakira,0.312,2.0,,0.965,2020-11-02
Finesse Out The Gang Way,Lil Durk Featuring Lil Baby,0.49,,0.0,0.738,2021-01-29
Hell Of A View,Eric Church,0.883,5.0,,0.6890000000000001,2020-10-02
Masterpiece,DaBaby,0.436,0.0,,0.7809999999999999,2021-01-15
Somebody Like That,Tenille Arts,0.58,6.0,,0.574,2020-01-10
Neighbors,Pooh Shiesty Featuring BIG30,0.805,2.0,,0.728,2021-02-05
Somebody's Problem,Morgan Wallen,0.62,5.0,,0.6579999999999999,2021-01-08
You Got It,VEDO,0.391,5.0,,0.774,2020-03-27
Bandido,Myke Towers & Juhn,0.682,8.0,,0.713,2020-12-10
Drankin N Smokin,Future & Lil Uzi Vert,0.387,0.0,,0.752,2020-11-13
One Too Many,Keith Urban Duet With P!nk,0.594,4,,0.697,2020-09-16
Chicken Tendies,Clinton Kane,0.568,7.0,,0.57,2021-02-19
Almost Maybes,Jordan Davis,0.555,11.0,,0.5820000000000001,2020-05-08
Made For You,Jake Owen,0.337,,,0.581,2019-03-29
Glad You Exist,Dan + Shay,,[],[],[],[]
Afterglow,Ed Sheeran,0.273,11.0,,0.6409999999999999,2020-12-21
Cover Me Up,Morgan Wallen,0.214,7.0,,0.5489999999999999,2021-01-08
Like I Want You,Giveon,0.438,10.0,0.0,0.6779999999999999,2020-03-27
Beat Box,SpotemGottem Featuring Pooh Shiesty Or DaBaby,0.201,,,0.853,2021-02-26
La Noche de Anoche,Bad Bunny & Rosalia,0.391,7,,0.856,2020-11-27
AP,Pop Smoke,0.634,,,0.751,2021-02-26
Only Wanna Be With You,Post Malone,0.247,7,,0.47,2021-02-25
Drunk (And I Don't Wanna Go Home),Elle King & Miranda Lambert,0.626,5,,0.612,2021-02-26
Breaking Up Was Easy In The 90's,Sam Hunt,0.376,9,,0.562,2020-04-03
Nobody,Dylan Scott,0.645,0,,0.573,2019-04-26
Gone,Dierks Bentley,0.473,6,,0.521,2020-10-22
Bichota,Karol G,0.838,,0.0,0.863,2020-10-23
Drunk (And I Don't Wanna Go Home),Elle King & Miranda Lambert,,[],[],[],[]
What's Next,Drake,0.0636,0,0,0.777,2021-03-05
Wants And Needs,Drake Featuring Lil Baby,0.1,,,0.578,2021-03-05
Lemon Pepper Freestyle,Drake Featuring Rick Ross,0.431,,,0.77,2021-03-05
Leave The Door Open,Silk Sonic (Bruno Mars & Anderson .Paak),0.7190000000000001,5,,0.586,2021-03-05
Hold On,Justin Bieber,0.29,,0,0.658,2021-03-05
Real As It Gets,Lil Baby Featuring EST Gee,0.196,6,0,0.779,2021-03-04
Beautiful Mistakes,Maroon 5 Featuring Megan Thee Stallion,0.721,10,,0.713,2021-03-03
Hellcats & Trackhawks,Lil Durk,0.599,,0,0.841,2021-03-05
Life's A Mess II,"Juice WRLD, Clever & Post Malone",0.701,6,,0.53,2021-03-05
Lil Bit,Nelly & Florida Georgia Line,0.41,4,0,0.707,2020-10-23
Leave The Door Open,Silk Sonic (Bruno Mars & Anderson .Paak),,[],[],[],[]
Street Runner,Rod Wave,0.433,5,0,0.613,2021-03-10
On The Ground,ROSE,0.28600000000000003,,,0.311,2021-03-12
Lost,NF Featuring Hopsin,0.451,5,,0.637,2021-03-11
Follow You,Imagine Dragons,0.489,9,,0.542,2021-03-12
Baila Conmigo,Selena Gomez With Rauw Alejandro,0.6829999999999999,5.0,,0.8240000000000001,2021-01-29
Daywalker!,Machine Gun Kelly & CORPSE,0.4970000000000001,7,,0.632,2021-03-12
Settling Down,Miranda Lambert,0.934,6,0,0.643,2019-11-01
Undivided,Tim McGraw & Tyler Hubbard,0.408,10.0,,0.583,2021-01-13
Peaches,Justin Bieber Featuring Daniel Caesar & Giveon,0.464,0,,0.677,2021-03-19
Headshot,"Lil Tjay, Polo G & Fivio Foreign",0.392,,0,0.809,2021-03-19
As I Am,Justin Bieber Featuring Khalid,0.109,11,,0.595,2021-03-19
Unstable,Justin Bieber Featuring The Kid LAROI,0.37,4,0,0.495,2021-03-19
Off My Face,Justin Bieber,0.586,4,,0.509,2021-03-19
Ghost,Justin Bieber,0.441,2,,0.601,2021-03-19
2 Much,Justin Bieber,0.16699999999999998,9,,0.583,2021-03-19
Deserve You,Justin Bieber,0.409,7,,0.677,2021-03-19
Die For You,Justin Bieber Featuring Dominic Fike,0.71,,,0.728,2021-03-19
Tombstone,Rod Wave,0.535,8,,0.55,2021-03-24
Love You Different,Justin Bieber Featuring BEAM,0.374,8,,0.759,2021-03-19
Loved By You,Justin Bieber Featuring Burna Boy,0.642,,,0.79,2021-03-19
Somebody,Justin Bieber,0.359,2,,0.551,2021-03-19
Famous Friends,Chris Young + Kane Brown,0.64,6,,0.533,2020-11-20
Peaches,Justin Bieber Featuring Daniel Caesar & Giveon,0.46399999999999997,0,,0.677,2021-03-19
Famous Friends,Chris Young + Kane Brown,,[],[],[],[]
Montero (Call Me By Your Name),Lil Nas X,0.758,8,0,0.61,2021-03-26
Richer,Rod Wave Featuring Polo G,0.7340000000000001,,,0.726,2021-03-26
Hard For The Next,Moneybagg Yo & Future,0.376,,,0.619,2021-03-26
You All Over Me (Taylor's Version) (From The Vault),Taylor Swift Featuring Maren Morris,0.44,2,,0.589,2021-03-26
SoulFly,Rod Wave,0.405,6,0,0.498,2021-03-26
Gone Till November,Rod Wave,0.384,11,0,0.478,2021-03-26
Don't Forget,Rod Wave,0.882,3,0,0.662,2021-03-26
Blame On You,Rod Wave,0.7120000000000001,,0,0.697,2021-03-26
Big Purr (Prrdd),Coi Leray & Pooh Shiesty,0.38,,,0.774,2021-03-26
All I Got,Rod Wave,0.682,,,0.516,2021-03-26
Pills & Billz,Rod Wave,0.696,5,,0.725,2021-03-26
How The Game Go,Rod Wave,0.631,8,,0.741,2021-03-26
OMDB,Rod Wave,0.184,,,0.522,2021-03-26
What's Love??,Rod Wave,0.649,8,0,0.492,2021-03-26
Shock Da World,Rod Wave,0.535,,,0.693,2021-03-26
Sneaky Links,Rod Wave,0.5870000000000001,0,0,0.676,2021-03-26
